{
    "ConsScore": {
        "correlation": -0.19492068099096385,
        "pvalue": 1.134849629739669e-83
    },
    "CpG": {
        "correlation": -0.109409366179192,
        "pvalue": 3.2214038415513638e-27
    },
    "GC": {
        "correlation": -0.09004389927189696,
        "pvalue": 6.406604667132568e-19
    },
    "GerpN": {
        "correlation": -0.09317177902095622,
        "pvalue": 3.760212519188797e-20
    },
    "GerpS": {
        "correlation": -0.09853478605905899,
        "pvalue": 2.325079861296163e-22
    },
    "cHmmEnh": {
        "correlation": 0.028109282398940456,
        "pvalue": 0.00563165847953084
    },
    "cHmmEnhG": {
        "correlation": -0.09761754209398743,
        "pvalue": 5.66172575843561e-22
    },
    "cHmmQuies": {
        "correlation": 0.09599521162599042,
        "pvalue": 2.6775258238538743e-21
    },
    "cHmmTssA": {
        "correlation": -0.035619873770182955,
        "pvalue": 0.00045041920657875147
    },
    "cHmmTssAFlnk": {
        "correlation": -0.028582997454397203,
        "pvalue": 0.00487520467330673
    },
    "cHmmTx": {
        "correlation": -0.07850438319827974,
        "pvalue": 9.760314093717571e-15
    },
    "cHmmTxFlnk": {
        "correlation": -0.10390015464058354,
        "pvalue": 1.0792139562850631e-24
    },
    "cHmmTxWk": {
        "correlation": 0.1610940642188634,
        "pvalue": 2.154045669171381e-57
    },
    "cHmmZnfRpts": {
        "correlation": -0.03448867996971922,
        "pvalue": 0.0006809443359415166
    },
    "cadd": {
        "correlation": -0.1919456361637133,
        "pvalue": 3.7958513759942027e-81
    },
    "chr": {
        "correlation": -0.019858850570411476,
        "pvalue": 0.05049933735019914
    },
    "gnomad_AF": {
        "correlation": 0.25272837464225983,
        "pvalue": 3.349810914647539e-141
    },
    "log2FCVar": {
        "correlation": 1.0,
        "pvalue": 0.0
    },
    "minDistTSE": {
        "correlation": 0.03531297895409806,
        "pvalue": 0.0005044497978257443
    },
    "minDistTSS": {
        "correlation": 0.10630837457106479,
        "pvalue": 8.820070791905552e-26
    },
    "pos": {
        "correlation": 0.02098713055631437,
        "pvalue": 0.03874854263338502
    }
}